ID,title,kind
19494,"Die Welt braucht dringend eine neue, inklusive Sicherheitsarchitektur!",legacy-unmapped-terms
19501,"Die Neue Seidenstraße führt in die Zukunft der Menschheit!",legacy-unmapped-terms
19508,"Helga Zepp-LaRouche in China: Die Neue Seidenstraße ist die Friedensordnung für das 21. Jahrhundert",legacy-unmapped-terms
19604,"Von der moralischen Überlegenheit der Staatschefs der BRICS-Länder",legacy-unmapped-terms
19617,"Rede in Beijing: Ein plötzlicher Ausbruch von Optimismus",legacy-unmapped-terms
19630,"Geopolitisches Denken trübt das Urteil des Westens",legacy-unmapped-terms
19643,"Neue gerechte Weltwirtschaftsordnung entsteht um die Neue Seidenstraße!",legacy-unmapped-terms
22559,"Д-р Фатимa Хашеми: Роль Ирана в стратегии Нового шёлкового пути в третьем тысячелетии",legacy-unmapped-terms
22566,"Джейшри Сенгупта: БРИКС и новый международный мировой порядок",no-portfolio-terms
22571,"Д-р Натaлия Витренко: Конструктивная альтернатива существующему миропорядку и стабильность на Украине – путь спасения человечества",legacy-unmapped-terms
22574,"Али Растбеен: Концепция будущего Евразии",legacy-unmapped-terms
22577,"Жак Шеминад: Самовосприятие Европы &#8211; преимущество его перемены в новой парадигме",legacy-unmapped-terms
22582,"Антонио Галлони: Политика Энрико Маттеи как универсальный образец для отношений Север—Юг и Запад—Восток",legacy-unmapped-terms
22589,"Пэй Хуа &#038; Чэнь Бо:  Приветственное слово от Китайского фонда Сун Цинлин",legacy-unmapped-terms
23114,"THE U.S. AND EUROPE MUST HAVE THE COURAGE TO REJECT GEOPOLITICS AND COLLABORATE WITH THE BRICS",legacy-unmapped-terms
23188,"Die USA und Europa müssen den Mut aufbringen, mit der Geopolitik zu brechen und  mit den BRICS-Staaten zusammenzuarbeiten",legacy-unmapped-terms
23605,"Jacques Cheminade : une nouvelle Route de la soie maritime et terrestre a son fondement d&#8217;entente Est-Ouest (INTERVIEW)‏",no-portfolio-terms
31356,"Hussein Askary : 两个体制间的西南亚",legacy-unmapped-terms
31596,"Denys Pluvinage : 一种新的文化方式: 打造多极世界",legacy-unmapped-terms
36474,"Ludwig van Beethoven: &#8220;Die Himmel rühmen des Ewigen Ehre&#8221;",legacy-unmapped-terms
36480,"Fadeyev: Morning at the Sea",legacy-unmapped-terms
36484,"Peter Tchaikovsky: Andante Cantabile",legacy-unmapped-terms
36488,"Antonio Vivaldi: Concerto in A-major RV 158",legacy-unmapped-terms
36494,"Johann Sebastian Bach: Double Violin Concerto in D minor for Two Violin BVW 1043",legacy-unmapped-terms
37242,"Helga Zepp-LaRouche addresses T20 Summit in Beijing, China",legacy-unmapped-terms
40765,"Wonderful &#8220;Musical Dialogue of Culture&#8221; Concert in Copenhagen",legacy-unmapped-terms
40856,"Musical Offering to the Alexandrov Ensemble and the People of Russia",legacy-unmapped-terms
29885,"Pr François Gervais &#8211; Le climat réel valide-t-il les modèles de climat virtuel ?",no-portfolio-terms
31558,"S.E.M. Ali Ahani : 伊朗准备与金砖五国合作",legacy-unmapped-terms
42679,"Jacques Cheminade : La politique économique sous-jacente au projet &#8220;Une ceinture, une Route&#8221;",legacy-unmapped-terms
42682,"Ali Rastbeen : La géostratégie chinoise autour des Nouvelles Routes de la soie",no-portfolio-terms
42804,"Chine, robotique, Europe &#8211; Questions / Réponses avec le public",no-portfolio-terms
52027,"Prospects for East-West Collaboration: The Russian Federation’s View",no-portfolio-terms
70845,"“The Truth about the Syrian Crisis.”",no-portfolio-terms
18516,"The New Silk Road Leads to the Future Of Mankind!",legacy-unmapped-terms
18704,"What the West Has To Learn from the Ongoing Transformation of China",legacy-unmapped-terms
19126,"We Need a New, Inclusive World Security Architecture",legacy-unmapped-terms
387,"Only A Complete Change In Paradigm Can Avoid Catastrophy",no-portfolio-terms
1477,"Une renaissance de la culture classique en Europe",no-portfolio-terms
2096,"Helga Zepp-LaRouche: Un nuevo Paradigma para la Supervivencia de la Civilización",legacy-unmapped-terms
2098,"Ali Reza Sheikh Attar: Las consecuencias de la inestabilidad  en el Medio Oriente",legacy-unmapped-terms
2101,"Lyndon H. LaRouche, Jr.: La cuestión crucial de esta crisis",legacy-unmapped-terms
2103,"Hussein Askary: Un Revolucionario Plan de Desarrollo  para Medio Oriente",legacy-unmapped-terms
2258,"Lorella Presotto: El futuro para Italia",legacy-unmapped-terms
2778,"Wolfgang Amadeus Mozart, &#8220;The Dissonance Quartet&#8221;, K. 465",no-portfolio-terms
3021,"Helga Zepp-LaRouche: Die Menschheit ist besser, als die Oligarchie es sich vorstellen kann",legacy-unmapped-terms
3028,"Walter Jones: Ohne Vernunft auf den Finanzmärkten kann die Welt nicht weiter existieren",legacy-unmapped-terms
3036,"Lyndon LaRouche: Die strategische Sicht aus den Vereinigten Staaten",legacy-unmapped-terms
3319,"Jason Ross: Warum die Verteidigung des Planeten realen Profit abwirft",legacy-unmapped-terms
3322,"Bruce Fein: Die Fundamente der Zivilisation",legacy-unmapped-terms
3327,"Kyrill Benediktow: Die Verteidigung des Planeten vor Bedrohungen durch Asteroiden und Kometen — Eine Sicht aus Rußland",legacy-unmapped-terms
3331,"Diane Sare: Der Kampf um Glass-Steagall in den Vereinigten Staaten",legacy-unmapped-terms
3333,"Prof. Theodore Katsanevas: Das Leben mit dem Euro und dem extremen Monetarismus des Kasino-Kapitalismus",legacy-unmapped-terms
3337,"Ritorna vincitor • From &#8220;Aida&#8221; by Verdi",legacy-unmapped-terms
3338,"Tu che le vanità • From &#8220;Don Carlo&#8221; by Verdi",legacy-unmapped-terms
3339,"Ave Maria • From &#8220;Otello&#8221; by Verdi",legacy-unmapped-terms
3340,"In solitaria stanza •  From &#8220;Sei Romanze&#8221; by Verdi",legacy-unmapped-terms
3341,"Ella mi fu rapita – Parmi veder le lagrime • From &#8220;Rigoletto&#8221; by Verdi",legacy-unmapped-terms
3342,"Adelaide &#8211; Ludwig van Beethoven",legacy-unmapped-terms
3343,"Contrabass Concerto &#8211; Dittersdorf",legacy-unmapped-terms
3354,"Alexander Nagorny: Die chinesische Dimension des strategischen Dreiecks USA-China-Rußland",legacy-unmapped-terms
3364,"Natalia Witrenko: Eurasische Integration als Überlebenschance in der globalen Wirtschaftskrise",legacy-unmapped-terms
3368,"Daisuke Kotegawa: Zwei verlorene Jahrzehnte für Europa und die USA?",legacy-unmapped-terms
3406,"Question 1: Why Is Obama Worse Than Bush and Reagan?",legacy-unmapped-terms
3482,"W.A. Mozart: Requiem Mass in D Minor KV 626",legacy-unmapped-terms
3584,"Michail Deljagin: Die globale Krise – Warum die Menschheit Rußland braucht",legacy-unmapped-terms
3590,"Amaya Moro-Martin: From the Diary of a Spanish 21st Century Emigrant",legacy-unmapped-terms
3595,"George Perdikes: A Message From Cyprus",legacy-unmapped-terms
3602,"Hussein Askary: Frieden und Aufbau oder Krieg und Zerstörung?",legacy-unmapped-terms
3606,"Prof. Dr. Henri Safa: Warum die Kernenergie der Zukunft die einzige Lösung zum Umgang mit dem wachsenden Energiebedarf der Welt ist",legacy-unmapped-terms
3608,"Prof. Dr. Eduardo Greaves: Ein neues Paradigma – Thorium als Kernbrennstoff im Schmelzsalzreaktor",legacy-unmapped-terms
3611,"Dr.-Ing. Urban Cleve: Das Potential des Kugelhaufenreaktors",legacy-unmapped-terms
3614,"Dr. Nino Galloni: Währung, Kredit und Finanzen für den Atlantik, den Mittelmeerraum und darüber hinaus",legacy-unmapped-terms
3620,"Das zukünftige Paradigma: Eine Renaissance der klassischen Kultur und Wissenschaft",legacy-unmapped-terms
3621,"Andrej Fursow: Die gegenwärtige Weltkrise: ihre soziale Natur",legacy-unmapped-terms
3622,"Craig Isherwood: Australiens Kampf gegen das Britische Empire",legacy-unmapped-terms
3630,"Jacques Cheminade: Eine Vision für Europa in Eurasien",legacy-unmapped-terms
3635,"Dr. Cui Hongjian: Konfuzius im heutigen China",legacy-unmapped-terms
3684,"Helga Zepp-LaRouche: Eine Vision der Hoffnung für die Menschheit",legacy-unmapped-terms
3770,"Non t&#8217;accostare all&#8217;urna • From &#8220;Sei Romanze&#8221; by Verdi",legacy-unmapped-terms
3780,"Nell&#8217;orror di notte oscura • From &#8220;Sei Romanze&#8221; by Verdi",legacy-unmapped-terms
3944,"Opening Remarks: Msgr. Murray &#038; President Higgins",legacy-unmapped-terms
3958,"Opening Remarks: Helga Zepp-LaRouche",legacy-unmapped-terms
3970,"Opening Remarks: Former Congressman Gallagher",legacy-unmapped-terms
4179,"A Remembrance of President Kennedy: W.A. Mozart »Requiem«",legacy-unmapped-terms
5034,"Schiller Institute 30th Anniversary Conference: Tom Buffenbarger",no-portfolio-terms
5037,"Schiller Institute 30th Anniversary Conference: Ray Flynn",no-portfolio-terms
5039,"Schiller Institute 30th Anniversary Conference: Sergei Glazyev",no-portfolio-terms
5042,"Schiller Institute 30th Anniversary Conference: Daisuke Kotegawa",no-portfolio-terms
5044,"Schiller Institute 30th Anniversary Conference: Brigadier General John Johns (ret.)",no-portfolio-terms
5046,"Schiller Institute 30th Anniversary Conference: Rep. Walter Jones",no-portfolio-terms
5048,"Schiller Institute 30th Anniversary Conference: Natalia Vitrenko",no-portfolio-terms
5053,"Schiller Institute 30th Anniversary Conference: Sungbin Yim",no-portfolio-terms
5089,"Schiller Institute 30th Anniversary Conference: Sen. Richard Black",no-portfolio-terms
23530,"Helga Zepp-LaRouche: Bring America Into the BRICS Paradigm!",no-portfolio-terms
62485,"Dr. Bernard Bigot: &#8220;ITER &#8211; Kernfusion, eine Option für die Zukunft&#8221;",no-portfolio-terms
112036,"Daqi Fan, Vizepräsident der Akademie für Zeitgenössische China- und Weltstudien (ACCWS)",no-portfolio-terms
62361,"Helga Zepp-LaRouche: &#8220;Strategische Sackgasse: Das Ende der Geschichte oder die gemeinsamen Ziele der Menschheit?&#8221;",no-portfolio-terms
62370,"Andrej Kortunow: &#8220;Die Schaffung von Vertrauen ist grundlegend, um ein neues Nuklearabkommen zu erreichen&#8221;",no-portfolio-terms
62375,"Dr. Edward Lozansky: &#8220;Welchen Weg geht Amerika? Welthegemon oder Win-Win-Partner?&#8221;",no-portfolio-terms
62382,"Martin Sieff: &#8220;100 Sekunden vor Mitternacht: Die Atomkriegsgefahr ernst nehmen!&#8221;",no-portfolio-terms
62390,"James Jatras: „Warum bauen wir nicht unsere eigenen „Belt and Road“-Initiativen?“",no-portfolio-terms
62398,"Oberst Richard H. Black: &#8220;Riskieren wir einen Militärputsch?&#8221;",no-portfolio-terms
62617,"Michele Geraci: &#8220;Dem Westen helfen China zu verstehen&#8221;",no-portfolio-terms
62630,"Marcelo Muñoz: &#8220;OBOR- ein Projekt für das 21. Jahrhundert&#8221;",no-portfolio-terms
79160,"Workshop on Fragments from Shakespeare Dramas",no-portfolio-terms
85163,"Helga Zepp-LaRouche: Langfristiges Überleben: eine neue Sicherheitsarchitektur",no-portfolio-terms
97553,"Helga Zepp-LaRouche: Lasst einen Garten von Millionen Gärten blühen!",no-portfolio-terms
97463,"Let a Garden Amidst a Million Gardens Bloom!",no-portfolio-terms
97592,"The Emergence of the Global South Against Geopolitical Blocs",no-portfolio-terms
97604,"China’s Role for Peace and Development",no-portfolio-terms
97616,"What Russia Really Wants in Its Relations with Europe—Peace or War?",no-portfolio-terms
97631,"Planning for Integration, Cooperation and Growth with the BRICS: Missteps and Risks",no-portfolio-terms
97644,"Franco-Chinese Cooperation for Peace: The Example of Nuclear Power",no-portfolio-terms
97656,"Make the U.S. a Force for the Good",no-portfolio-terms
97729,"What Would Erasmus Say About Peace in Ukraine?",no-portfolio-terms
97741,"Culture Is the Key for Peace",no-portfolio-terms
97753,"On Demonization of Russian Culture",no-portfolio-terms
97765,"World Peace Based on Universal Ethics",no-portfolio-terms
97793,"Water for Peace and Development",no-portfolio-terms
97916,"How the Earth’s Climate Is Changing and Why",no-portfolio-terms
